,MSE,R2
Linear Regression,24.291119474973538,0.6687594935356317
Decision Tree,10.416078431372549,0.8579634380978161
Random Forest,7.901513892156864,0.8922527442109116
